"module name","name","version","description","licenses","licenseFile","licenseModified"
"@babel/code-frame@7.18.6","@babel/code-frame","7.18.6","Generate errors that contain a code frame that point to source locations.","MIT","node_modules/@babel/code-frame/LICENSE",""
"@babel/helper-module-imports@7.18.6","@babel/helper-module-imports","7.18.6","Babel helper functions for inserting module loads","MIT","node_modules/@babel/helper-module-imports/LICENSE",""
"@babel/helper-plugin-utils@7.20.2","@babel/helper-plugin-utils","7.20.2","General utilities for plugins to use","MIT","node_modules/@babel/helper-plugin-utils/LICENSE",""
"@babel/helper-string-parser@7.19.4","@babel/helper-string-parser","7.19.4","A utility package to parse strings","MIT","node_modules/@babel/helper-string-parser/LICENSE",""
"@babel/helper-validator-identifier@7.19.1","@babel/helper-validator-identifier","7.19.1","Validate identifier/keywords name","MIT","node_modules/@babel/helper-validator-identifier/LICENSE",""
"@babel/highlight@7.18.6","@babel/highlight","7.18.6","Syntax highlight JavaScript strings for output in terminals.","MIT","node_modules/@babel/highlight/LICENSE",""
"@babel/parser@7.20.7","@babel/parser","7.20.7","A JavaScript parser","MIT","node_modules/@babel/parser/LICENSE",""
"@babel/plugin-syntax-jsx@7.18.6","@babel/plugin-syntax-jsx","7.18.6","Allow parsing of jsx","MIT","node_modules/@babel/plugin-syntax-jsx/LICENSE",""
"@babel/runtime-corejs3@7.20.7","@babel/runtime-corejs3","7.20.7","babel's modular runtime helpers with core-js@3 polyfilling","MIT","node_modules/@babel/runtime-corejs3/LICENSE",""
"@babel/runtime@7.20.7","@babel/runtime","7.20.7","babel's modular runtime helpers","MIT","node_modules/@babel/runtime/LICENSE",""
"@babel/types@7.20.7","@babel/types","7.20.7","Babel Types is a Lodash-esque utility library for AST nodes","MIT","node_modules/@babel/types/LICENSE",""
"@cspotcode/source-map-support@0.8.1","@cspotcode/source-map-support","0.8.1","Fixes stack traces for files with source maps","MIT","node_modules/@cspotcode/source-map-support/LICENSE.md",""
"@date-io/core@2.16.0","@date-io/core","2.16.0","Abstraction over common javascript date management libraries","MIT","node_modules/@date-io/core/LICENSE",""
"@date-io/date-fns@2.16.0","@date-io/date-fns","2.16.0","Abstraction over common javascript date management libraries","MIT","node_modules/@date-io/date-fns/LICENSE",""
"@date-io/dayjs@2.16.0","@date-io/dayjs","2.16.0","Abstraction over common javascript date management libraries","MIT","node_modules/@date-io/dayjs/LICENSE",""
"@date-io/luxon@2.16.1","@date-io/luxon","2.16.1","Abstraction over common javascript date management libraries","MIT","node_modules/@date-io/luxon/LICENSE",""
"@date-io/moment@2.16.1","@date-io/moment","2.16.1","Abstraction over common javascript date management libraries","MIT","node_modules/@date-io/moment/LICENSE",""
"@emotion/babel-plugin@11.10.5","@emotion/babel-plugin","11.10.5","A recommended babel preprocessing plugin for emotion, The Next Generation of CSS-in-JS.","MIT","node_modules/@emotion/babel-plugin/LICENSE",""
"@emotion/cache@11.10.5","@emotion/cache","11.10.5","emotion's cache","MIT","node_modules/@emotion/cache/LICENSE",""
"@emotion/hash@0.9.0","@emotion/hash","0.9.0","A MurmurHash2 implementation","MIT","node_modules/@emotion/hash/LICENSE",""
"@emotion/is-prop-valid@1.2.0","@emotion/is-prop-valid","1.2.0","A function to check whether a prop is valid for HTML and SVG elements","MIT","node_modules/@emotion/is-prop-valid/LICENSE",""
"@emotion/memoize@0.8.0","@emotion/memoize","0.8.0","emotion's memoize utility","MIT","node_modules/@emotion/memoize/LICENSE",""
"@emotion/react@11.10.5","@emotion/react","11.10.5","> Simple styling in React.","MIT","node_modules/@emotion/react/LICENSE",""
"@emotion/serialize@1.1.1","@emotion/serialize","1.1.1","serialization utils for emotion","MIT","node_modules/@emotion/serialize/LICENSE",""
"@emotion/sheet@1.2.1","@emotion/sheet","1.2.1","emotion's stylesheet","MIT","node_modules/@emotion/sheet/LICENSE",""
"@emotion/styled@11.10.5","@emotion/styled","11.10.5","styled API for emotion","MIT","node_modules/@emotion/styled/LICENSE",""
"@emotion/unitless@0.8.0","@emotion/unitless","0.8.0","An object of css properties that don't accept values with units","MIT","node_modules/@emotion/unitless/LICENSE",""
"@emotion/use-insertion-effect-with-fallbacks@1.0.0","@emotion/use-insertion-effect-with-fallbacks","1.0.0","A wrapper package that uses `useInsertionEffect` or a fallback for it","MIT","node_modules/@emotion/use-insertion-effect-with-fallbacks/LICENSE",""
"@emotion/utils@1.2.0","@emotion/utils","1.2.0","internal utils for emotion","MIT","node_modules/@emotion/utils/LICENSE",""
"@emotion/weak-memoize@0.3.0","@emotion/weak-memoize","0.3.0","A memoization function that uses a WeakMap","MIT","node_modules/@emotion/weak-memoize/LICENSE",""
"@ioredis/commands@1.2.0","@ioredis/commands","1.2.0","Redis commands","MIT","node_modules/@ioredis/commands/LICENSE",""
"@jridgewell/resolve-uri@3.1.0","@jridgewell/resolve-uri","3.1.0","Resolve a URI relative to an optional base URI","MIT","node_modules/@jridgewell/resolve-uri/LICENSE",""
"@jridgewell/sourcemap-codec@1.4.14","@jridgewell/sourcemap-codec","1.4.14","Encode/decode sourcemap mappings","MIT","node_modules/@jridgewell/sourcemap-codec/LICENSE",""
"@jridgewell/trace-mapping@0.3.9","@jridgewell/trace-mapping","0.3.9","Trace the original position through a source map","MIT","node_modules/@jridgewell/trace-mapping/LICENSE",""
"@mui/base@5.0.0-alpha.112","@mui/base","5.0.0-alpha.112","A library of headless ('unstyled') React UI components and low-level hooks.","MIT","node_modules/@mui/base/LICENSE",""
"@mui/core-downloads-tracker@5.11.2","@mui/core-downloads-tracker","5.11.2","Internal package to track number of downloads of our design system libraries","MIT","node_modules/@mui/core-downloads-tracker/LICENSE",""
"@mui/icons-material@5.11.0","@mui/icons-material","5.11.0","Material Design icons distributed as SVG React components.","MIT","node_modules/@mui/icons-material/LICENSE",""
"@mui/lab@5.0.0-alpha.114","@mui/lab","5.0.0-alpha.114","Laboratory for new MUI modules.","MIT","node_modules/@mui/lab/LICENSE",""
"@mui/material@5.11.2","@mui/material","5.11.2","React components that implement Google's Material Design.","MIT","node_modules/@mui/material/LICENSE",""
"@mui/private-theming@5.11.2","@mui/private-theming","5.11.2","Private - The React theme context to be shared between `@mui/styles` and `@mui/material`.","MIT","node_modules/@mui/private-theming/LICENSE",""
"@mui/styled-engine@5.11.0","@mui/styled-engine","5.11.0","styled() API wrapper package for emotion.","MIT","node_modules/@mui/styled-engine/LICENSE",""
"@mui/system@5.11.2","@mui/system","5.11.2","CSS utilities for rapidly laying out custom designs.","MIT","node_modules/@mui/system/LICENSE",""
"@mui/types@7.2.3","@mui/types","7.2.3","Utility types for MUI.","MIT","node_modules/@mui/types/LICENSE",""
"@mui/utils@5.11.2","@mui/utils","5.11.2","Utility functions for React components.","MIT","node_modules/@mui/utils/LICENSE",""
"@mui/x-date-pickers@5.0.12","@mui/x-date-pickers","5.0.12","The community edition of the date picker components (MUI X).","MIT","node_modules/@mui/x-date-pickers/LICENSE",""
"@next/env@13.0.6","@next/env","13.0.6","Next.js dotenv file loading","MIT","node_modules/@next/env/README.md",""
"@next/swc-darwin-arm64@13.0.6","@next/swc-darwin-arm64","13.0.6","This is the **aarch64-apple-darwin** binary for `@next/swc`","MIT","node_modules/@next/swc-darwin-arm64/README.md",""
"@nodelib/fs.scandir@2.1.5","@nodelib/fs.scandir","2.1.5","List files and directories inside the specified directory","MIT","node_modules/@nodelib/fs.scandir/LICENSE",""
"@nodelib/fs.stat@2.0.5","@nodelib/fs.stat","2.0.5","Get the status of a file with some features","MIT","node_modules/@nodelib/fs.stat/LICENSE",""
"@nodelib/fs.walk@1.2.8","@nodelib/fs.walk","1.2.8","A library for efficiently walking a directory recursively","MIT","node_modules/@nodelib/fs.walk/LICENSE",""
"@popperjs/core@2.11.6","@popperjs/core","2.11.6","Tooltip and Popover Positioning Engine","MIT","node_modules/@popperjs/core/LICENSE.md",""
"@remix-run/router@1.0.5","@remix-run/router","1.0.5","Nested/Data-driven/Framework-agnostic Routing","MIT","node_modules/@remix-run/router/LICENSE.md",""
"@swc/helpers@0.4.14","@swc/helpers","0.4.14","External helpers for the swc project.","MIT","",""
"@tsconfig/node10@1.0.9","@tsconfig/node10","1.0.9","A base TSConfig for working with Node 10.","MIT","node_modules/@tsconfig/node10/LICENSE",""
"@tsconfig/node12@1.0.11","@tsconfig/node12","1.0.11","A base TSConfig for working with Node 12.","MIT","node_modules/@tsconfig/node12/LICENSE",""
"@tsconfig/node14@1.0.3","@tsconfig/node14","1.0.3","A base TSConfig for working with Node 14.","MIT","node_modules/@tsconfig/node14/LICENSE",""
"@tsconfig/node16@1.0.3","@tsconfig/node16","1.0.3","A base TSConfig for working with Node 16.","MIT","node_modules/@tsconfig/node16/LICENSE",""
"@types/axios@0.14.0","@types/axios","0.14.0","Stub TypeScript definitions entry for axios, which provides its own types definitions","MIT","node_modules/@types/axios/README.md",""
"@types/bcryptjs@2.4.2","@types/bcryptjs","2.4.2","TypeScript definitions for bcryptjs","MIT","node_modules/@types/bcryptjs/LICENSE",""
"@types/body-parser@1.19.2","@types/body-parser","1.19.2","TypeScript definitions for body-parser","MIT","node_modules/@types/body-parser/LICENSE",""
"@types/connect@3.4.35","@types/connect","3.4.35","TypeScript definitions for connect","MIT","node_modules/@types/connect/LICENSE",""
"@types/cors@2.8.13","@types/cors","2.8.13","TypeScript definitions for cors","MIT","node_modules/@types/cors/LICENSE",""
"@types/cryptr@4.0.1","@types/cryptr","4.0.1","TypeScript definitions for cryptr","MIT","node_modules/@types/cryptr/LICENSE",""
"@types/express-list-endpoints@6.0.0","@types/express-list-endpoints","6.0.0","TypeScript definitions for express-list-endpoints","MIT","node_modules/@types/express-list-endpoints/LICENSE",""
"@types/express-serve-static-core@4.17.31","@types/express-serve-static-core","4.17.31","TypeScript definitions for Express","MIT","node_modules/@types/express-serve-static-core/LICENSE",""
"@types/express-session@1.17.5","@types/express-session","1.17.5","TypeScript definitions for express-session","MIT","node_modules/@types/express-session/LICENSE",""
"@types/express@4.17.15","@types/express","4.17.15","TypeScript definitions for Express","MIT","node_modules/@types/express/LICENSE",""
"@types/history@4.7.11","@types/history","4.7.11","TypeScript definitions for history","MIT","node_modules/@types/history/LICENSE",""
"@types/mime@3.0.1","@types/mime","3.0.1","TypeScript definitions for mime","MIT","node_modules/@types/mime/LICENSE",""
"@types/mssql@8.1.1","@types/mssql","8.1.1","TypeScript definitions for mssql","MIT","node_modules/@types/mssql/LICENSE",""
"@types/nano@7.0.0","@types/nano","7.0.0","Stub TypeScript definitions entry for nano, which provides its own types definitions","MIT","node_modules/@types/nano/LICENSE",""
"@types/node@18.11.15","@types/node","18.11.15","TypeScript definitions for Node.js","MIT","node_modules/@types/node/LICENSE",""
"@types/nodemailer@6.4.7","@types/nodemailer","6.4.7","TypeScript definitions for Nodemailer","MIT","node_modules/@types/nodemailer/LICENSE",""
"@types/parse-json@4.0.0","@types/parse-json","4.0.0","TypeScript definitions for parse-json","MIT","node_modules/@types/parse-json/LICENSE",""
"@types/passport-http@0.3.9","@types/passport-http","0.3.9","TypeScript definitions for passport-http","MIT","node_modules/@types/passport-http/LICENSE",""
"@types/passport-local@1.0.34","@types/passport-local","1.0.34","TypeScript definitions for passport-local","MIT","node_modules/@types/passport-local/LICENSE",""
"@types/passport-strategy@0.2.35","@types/passport-strategy","0.2.35","TypeScript definitions for Passport Strategy module","MIT","node_modules/@types/passport-strategy/LICENSE",""
"@types/passport@1.0.11","@types/passport","1.0.11","TypeScript definitions for Passport","MIT","node_modules/@types/passport/LICENSE",""
"@types/prop-types@15.7.5","@types/prop-types","15.7.5","TypeScript definitions for prop-types","MIT","node_modules/@types/prop-types/LICENSE",""
"@types/qs@6.9.7","@types/qs","6.9.7","TypeScript definitions for qs","MIT","node_modules/@types/qs/LICENSE",""
"@types/range-parser@1.2.4","@types/range-parser","1.2.4","TypeScript definitions for range-parser","MIT","node_modules/@types/range-parser/LICENSE",""
"@types/react-dom@18.0.9","@types/react-dom","18.0.9","TypeScript definitions for React (react-dom)","MIT","node_modules/@types/react-dom/LICENSE",""
"@types/react-is@17.0.3","@types/react-is","17.0.3","TypeScript definitions for react-is","MIT","node_modules/@types/react-is/LICENSE",""
"@types/react-router-dom@5.3.3","@types/react-router-dom","5.3.3","TypeScript definitions for react-router-dom","MIT","node_modules/@types/react-router-dom/LICENSE",""
"@types/react-router@5.1.19","@types/react-router","5.1.19","TypeScript definitions for React Router","MIT","node_modules/@types/react-router/LICENSE",""
"@types/react-transition-group@4.4.5","@types/react-transition-group","4.4.5","TypeScript definitions for react-transition-group","MIT","node_modules/@types/react-transition-group/LICENSE",""
"@types/react@18.0.26","@types/react","18.0.26","TypeScript definitions for React","MIT","node_modules/@types/react/LICENSE",""
"@types/scheduler@0.16.2","@types/scheduler","0.16.2","TypeScript definitions for scheduler","MIT","node_modules/@types/scheduler/LICENSE",""
"@types/serve-static@1.15.0","@types/serve-static","1.15.0","TypeScript definitions for serve-static","MIT","node_modules/@types/serve-static/LICENSE",""
"@types/swagger-jsdoc@6.0.1","@types/swagger-jsdoc","6.0.1","TypeScript definitions for swagger-jsdoc","MIT","node_modules/@types/swagger-jsdoc/LICENSE",""
"@types/swagger-ui-express@4.1.3","@types/swagger-ui-express","4.1.3","TypeScript definitions for swagger-ui-express","MIT","node_modules/@types/swagger-ui-express/LICENSE",""
"@types/tedious@4.0.9","@types/tedious","4.0.9","TypeScript definitions for tedious","MIT","node_modules/@types/tedious/LICENSE",""
"@types/tough-cookie@4.0.2","@types/tough-cookie","4.0.2","TypeScript definitions for tough-cookie","MIT","node_modules/@types/tough-cookie/LICENSE",""
"@types/uuid@8.3.4","@types/uuid","8.3.4","TypeScript definitions for uuid","MIT","node_modules/clm-core/node_modules/@types/uuid/LICENSE",""
"@types/uuid@9.0.0","@types/uuid","9.0.0","TypeScript definitions for uuid","MIT","node_modules/@types/uuid/LICENSE",""
"abbrev@1.1.1","abbrev","1.1.1","Like ruby's abbrev module, but in js","ISC","node_modules/abbrev/LICENSE",""
"accepts@1.3.8","accepts","1.3.8","Higher-level content negotiation","MIT","node_modules/accepts/LICENSE",""
"acorn-node@1.8.2","acorn-node","1.8.2","the acorn javascript parser, preloaded with plugins for syntax parity with recent node versions","Apache-2.0","node_modules/acorn-node/LICENSE.md",""
"acorn-walk@7.2.0","acorn-walk","7.2.0","ECMAScript (ESTree) AST walker","MIT","node_modules/acorn-walk/LICENSE",""
"acorn-walk@8.2.0","acorn-walk","8.2.0","ECMAScript (ESTree) AST walker","MIT","node_modules/ts-node/node_modules/acorn-walk/LICENSE",""
"acorn@7.4.1","acorn","7.4.1","ECMAScript parser","MIT","node_modules/acorn/LICENSE",""
"acorn@8.8.1","acorn","8.8.1","ECMAScript parser","MIT","node_modules/ts-node/node_modules/acorn/LICENSE",""
"agent-base@6.0.2","agent-base","6.0.2","Turn a function into an `http.Agent` instance","MIT","node_modules/agent-base/README.md",""
"ajv-formats@2.1.1","ajv-formats","2.1.1","Format validation for Ajv v7+","MIT","node_modules/ajv-formats/LICENSE",""
"ajv@8.11.2","ajv","8.11.2","Another JSON Schema Validator","MIT","node_modules/ajv/LICENSE",""
"ansi-styles@3.2.1","ansi-styles","3.2.1","ANSI escape codes for styling strings in the terminal","MIT","node_modules/ansi-styles/license",""
"anymatch@3.1.3","anymatch","3.1.3","Matches strings against configurable strings, globs, regular expressions, and/or functions","ISC","node_modules/anymatch/LICENSE",""
"arg@4.1.3","arg","4.1.3","Another simple argument parser","MIT","node_modules/ts-node/node_modules/arg/LICENSE.md",""
"arg@5.0.2","arg","5.0.2","Unopinionated, no-frills CLI argument parser","MIT","node_modules/arg/LICENSE.md",""
"argparse@1.0.10","argparse","1.0.10","Very powerful CLI arguments parser. Native port of argparse - python's options parsing library","MIT","node_modules/yamljs/node_modules/argparse/LICENSE",""
"argparse@2.0.1","argparse","2.0.1","CLI arguments parser. Native port of python's argparse.","Python-2.0","node_modules/argparse/LICENSE",""
"array-find-index@1.0.2","array-find-index","1.0.2","ES2015 `Array#findIndex()` ponyfill","MIT","node_modules/array-find-index/license",""
"array-flatten@1.1.1","array-flatten","1.1.1","Flatten an array of nested arrays into a single flat array","MIT","node_modules/array-flatten/LICENSE",""
"asap@2.0.6","asap","2.0.6","High-priority task queue for Node.js and browsers","MIT","node_modules/asap/LICENSE.md",""
"assert-never@1.2.1","assert-never","1.2.1","Helper function for exhaustive checks of discriminated unions in TypeScript","MIT","node_modules/assert-never/README.md",""
"asynckit@0.4.0","asynckit","0.4.0","Minimal async jobs utility library, with streams support","MIT","node_modules/asynckit/LICENSE",""
"autoprefixer@10.4.13","autoprefixer","10.4.13","Parse CSS and add vendor prefixes to CSS rules using values from the Can I Use website","MIT","node_modules/autoprefixer/LICENSE",""
"axios@1.2.1","axios","1.2.1","Promise based HTTP client for the browser and node.js","MIT","node_modules/axios/LICENSE",""
"axios@1.2.2","axios","1.2.2","Promise based HTTP client for the browser and node.js","MIT","node_modules/license_manager/node_modules/axios/LICENSE",""
"babel-plugin-macros@3.1.0","babel-plugin-macros","3.1.0","Allows you to build compile-time libraries","MIT","node_modules/babel-plugin-macros/LICENSE",""
"babel-walk@3.0.0-canary-5","babel-walk","3.0.0-canary-5","Lightweight Babel AST traversal","MIT","node_modules/babel-walk/LICENSE.md",""
"balanced-match@1.0.2","balanced-match","1.0.2","Match balanced character pairs, like "{" and "}"","MIT","node_modules/balanced-match/LICENSE.md",""
"base64-js@1.5.1","base64-js","1.5.1","Base64 encoding/decoding in pure JS","MIT","node_modules/base64-js/LICENSE",""
"bcryptjs@2.4.3","bcryptjs","2.4.3","Optimized bcrypt in plain JavaScript with zero dependencies. Compatible to 'bcrypt'.","MIT","node_modules/bcryptjs/LICENSE",""
"binary-extensions@2.2.0","binary-extensions","2.2.0","List of binary file extensions","MIT","node_modules/binary-extensions/license",""
"body-parser@1.20.1","body-parser","1.20.1","Node.js body parsing middleware","MIT","node_modules/body-parser/LICENSE",""
"brace-expansion@1.1.11","brace-expansion","1.1.11","Brace expansion as known from sh/bash","MIT","node_modules/brace-expansion/LICENSE",""
"braces@3.0.2","braces","3.0.2","Bash-like brace expansion, implemented in JavaScript. Safer than other brace expansion libs, with complete support for the Bash 4.3 braces specification, without sacrificing speed.","MIT","node_modules/braces/LICENSE",""
"browserslist@4.21.4","browserslist","4.21.4","Share target browsers between different front-end tools, like Autoprefixer, Stylelint and babel-env-preset","MIT","node_modules/browserslist/LICENSE",""
"buffer-equal-constant-time@1.0.1","buffer-equal-constant-time","1.0.1","Constant-time comparison of Buffers","BSD-3-Clause","node_modules/buffer-equal-constant-time/LICENSE.txt",""
"buffer@6.0.3","buffer","6.0.3","Node.js Buffer API, for the browser","MIT","node_modules/buffer/LICENSE",""
"bytes@3.1.2","bytes","3.1.2","Utility to parse a string bytes to bytes and vice-versa","MIT","node_modules/bytes/LICENSE",""
"call-bind@1.0.2","call-bind","1.0.2","Robustly `.call.bind()` a function","MIT","node_modules/call-bind/LICENSE",""
"callsites@3.1.0","callsites","3.1.0","Get callsites from the V8 stack trace API","MIT","node_modules/callsites/license",""
"camelcase-css@2.0.1","camelcase-css","2.0.1","Convert a kebab-cased CSS property into a camelCased DOM property.","MIT","node_modules/camelcase-css/license",""
"caniuse-lite@1.0.30001439","caniuse-lite","1.0.30001439","A smaller version of caniuse-db, with only the essentials!","CC-BY-4.0","node_modules/caniuse-lite/LICENSE",""
"chalk@2.4.2","chalk","2.4.2","Terminal string styling done right","MIT","node_modules/chalk/license",""
"character-parser@2.2.0","character-parser","2.2.0","Parse JavaScript one character at a time to look for snippets in Templates.  This is not a validator, it's just designed to allow you to have sections of JavaScript delimited by brackets robustly.","MIT","node_modules/character-parser/LICENSE",""
"chokidar@3.5.3","chokidar","3.5.3","Minimal and efficient cross-platform file watching library","MIT","node_modules/chokidar/LICENSE",""
"client-only@0.0.1","client-only","0.0.1","This is a marker package to indicate that a module can only be used in Client Components.","MIT","",""
"clm-core@1.0.0","clm-core","1.0.0","## Requirements - MariaDB  - Node.js 14","ISC","node_modules/clm-core/readme.md",""
"clsx@1.2.1","clsx","1.2.1","A tiny (228B) utility for constructing className strings conditionally.","MIT","node_modules/clsx/license",""
"cluster-key-slot@1.1.2","cluster-key-slot","1.1.2","Generates CRC hashes for strings - for use by node redis clients to determine key slots.","Apache-2.0","node_modules/cluster-key-slot/LICENSE",""
"color-convert@1.9.3","color-convert","1.9.3","Plain color conversion functions","MIT","node_modules/color-convert/LICENSE",""
"color-name@1.1.3","color-name","1.1.3","A list of color names and its values","MIT","node_modules/color-convert/node_modules/color-name/LICENSE",""
"color-name@1.1.4","color-name","1.1.4","A list of color names and its values","MIT","node_modules/color-name/LICENSE",""
"combined-stream@1.0.8","combined-stream","1.0.8","A stream that emits multiple other streams one after another.","MIT","node_modules/combined-stream/License",""
"concat-map@0.0.1","concat-map","0.0.1","concatenative mapdashery","MIT","node_modules/concat-map/LICENSE",""
"constantinople@4.0.1","constantinople","4.0.1","Determine whether a JavaScript expression evaluates to a constant","MIT","node_modules/constantinople/LICENSE",""
"content-disposition@0.5.4","content-disposition","0.5.4","Create and parse Content-Disposition header","MIT","node_modules/content-disposition/LICENSE",""
"content-type@1.0.4","content-type","1.0.4","Create and parse HTTP Content-Type header","MIT","node_modules/content-type/LICENSE",""
"convert-source-map@1.9.0","convert-source-map","1.9.0","Converts a source-map from/to  different formats and allows adding/changing properties.","MIT","node_modules/convert-source-map/LICENSE",""
"cookie-signature@1.0.6","cookie-signature","1.0.6","Sign and unsign cookies","MIT","node_modules/cookie-signature/Readme.md",""
"cookie@0.4.2","cookie","0.4.2","HTTP server cookie parsing and serialization","MIT","node_modules/express-session/node_modules/cookie/LICENSE",""
"cookie@0.5.0","cookie","0.5.0","HTTP server cookie parsing and serialization","MIT","node_modules/cookie/LICENSE",""
"core-js-pure@3.27.1","core-js-pure","3.27.1","Standard library","MIT","node_modules/core-js-pure/LICENSE",""
"cors@2.8.5","cors","2.8.5","Node.js CORS middleware","MIT","node_modules/cors/LICENSE",""
"cosmiconfig@7.1.0","cosmiconfig","7.1.0","Find and load configuration from a package.json property, rc file, or CommonJS module","MIT","node_modules/cosmiconfig/LICENSE",""
"create-require@1.1.1","create-require","1.1.1","Polyfill for Node.js module.createRequire (<= v12.2.0)","MIT","node_modules/create-require/LICENSE",""
"cross-fetch@3.1.5","cross-fetch","3.1.5","Universal WHATWG Fetch API for Node, Browsers and React Native","MIT","node_modules/cross-fetch/LICENSE",""
"cryptr@6.0.3","cryptr","6.0.3","a simple encrypt and decrypt module for node.js","MIT","node_modules/cryptr/LICENCE",""
"cssesc@3.0.0","cssesc","3.0.0","A JavaScript library for escaping CSS strings and identifiers while generating the shortest possible ASCII-only output.","MIT","node_modules/cssesc/LICENSE-MIT.txt",""
"csstype@3.1.1","csstype","3.1.1","Strict TypeScript and Flow types for style based on MDN data","MIT","node_modules/csstype/LICENSE",""
"debug@2.6.9","debug","2.6.9","small debugging utility","MIT","node_modules/debug/LICENSE",""
"debug@3.2.7","debug","3.2.7","small debugging utility","MIT","node_modules/nodemon/node_modules/debug/LICENSE",""
"debug@4.3.4","debug","4.3.4","Lightweight debugging utility for Node.js and the browser","MIT","node_modules/agent-base/node_modules/debug/LICENSE",""
"debuglog@1.0.1","debuglog","1.0.1","backport of util.debuglog from node v0.11","MIT","node_modules/debuglog/LICENSE",""
"deepmerge@4.2.2","deepmerge","4.2.2","A library for deep (recursive) merging of Javascript objects","MIT","node_modules/deepmerge/license.txt",""
"defined@1.0.1","defined","1.0.1","return the first argument that is `!== undefined`","MIT","node_modules/defined/LICENSE",""
"delayed-stream@1.0.0","delayed-stream","1.0.0","Buffers events from a stream until you are ready to handle them.","MIT","node_modules/delayed-stream/License",""
"denque@2.1.0","denque","2.1.0","The fastest javascript implementation of a double-ended queue. Used by the official Redis, MongoDB, MariaDB & MySQL libraries for Node.js and many other libraries. Maintains compatability with deque.","Apache-2.0","node_modules/denque/LICENSE",""
"depd@2.0.0","depd","2.0.0","Deprecate all the things","MIT","node_modules/depd/LICENSE",""
"destroy@1.2.0","destroy","1.2.0","destroy a stream if possible","MIT","node_modules/destroy/LICENSE",""
"detective@5.2.1","detective","5.2.1","find all require() calls by walking the AST","MIT","node_modules/detective/LICENSE",""
"dezalgo@1.0.4","dezalgo","1.0.4","Contain async insanity so that the dark pony lord doesn't eat souls","ISC","node_modules/dezalgo/LICENSE",""
"didyoumean@1.2.2","didyoumean","1.2.2","Match human-quality input to potential matches by edit distance.","Apache-2.0","node_modules/didyoumean/LICENSE",""
"diff@4.0.2","diff","4.0.2","A javascript text diff implementation.","BSD-3-Clause","node_modules/diff/LICENSE",""
"dlv@1.1.3","dlv","1.1.3","Safely get a dot-notated property within an object.","MIT","node_modules/dlv/README.md",""
"doctypes@1.1.0","doctypes","1.1.0","Shorthands for commonly used doctypes","MIT","node_modules/doctypes/LICENSE",""
"dom-helpers@5.2.1","dom-helpers","5.2.1","tiny modular DOM lib for ie9+","MIT","node_modules/dom-helpers/LICENSE",""
"dotenv@16.0.3","dotenv","16.0.3","Loads environment variables from .env file","BSD-2-Clause","node_modules/dotenv/LICENSE",""
"ecdsa-sig-formatter@1.0.11","ecdsa-sig-formatter","1.0.11","Translate ECDSA signatures between ASN.1/DER and JOSE-style concatenation","Apache-2.0","node_modules/ecdsa-sig-formatter/LICENSE",""
"ee-first@1.1.1","ee-first","1.1.1","return the first event in a set of ee/event pairs","MIT","node_modules/ee-first/LICENSE",""
"electron-to-chromium@1.4.284","electron-to-chromium","1.4.284","Provides a list of electron-to-chromium version mappings","ISC","node_modules/electron-to-chromium/LICENSE",""
"encodeurl@1.0.2","encodeurl","1.0.2","Encode a URL to a percent-encoded form, excluding already-encoded sequences","MIT","node_modules/encodeurl/LICENSE",""
"error-ex@1.3.2","error-ex","1.3.2","Easy error subclassing and stack customization","MIT","node_modules/error-ex/LICENSE",""
"escalade@3.1.1","escalade","3.1.1","A tiny (183B to 210B) and fast utility to ascend parent directories","MIT","node_modules/escalade/license",""
"escape-html@1.0.3","escape-html","1.0.3","Escape string for use in HTML","MIT","node_modules/escape-html/LICENSE",""
"escape-string-regexp@1.0.5","escape-string-regexp","1.0.5","Escape RegExp special characters","MIT","node_modules/chalk/node_modules/escape-string-regexp/license",""
"escape-string-regexp@4.0.0","escape-string-regexp","4.0.0","Escape RegExp special characters","MIT","node_modules/escape-string-regexp/license",""
"etag@1.8.1","etag","1.8.1","Create simple HTTP ETags","MIT","node_modules/etag/LICENSE",""
"express-list-endpoints@6.0.0","express-list-endpoints","6.0.0","A express package to list all registered endoints and its verbs","MIT","node_modules/express-list-endpoints/LICENSE",""
"express-session@1.17.3","express-session","1.17.3","Simple session middleware for Express","MIT","node_modules/express-session/LICENSE",""
"express-validator@6.14.2","express-validator","6.14.2","Express middleware for the validator module.","MIT","node_modules/express-validator/LICENSE",""
"express@4.18.2","express","4.18.2","Fast, unopinionated, minimalist web framework","MIT","node_modules/express/LICENSE",""
"fast-deep-equal@3.1.3","fast-deep-equal","3.1.3","Fast deep equal","MIT","node_modules/fast-deep-equal/LICENSE",""
"fast-glob@3.2.12","fast-glob","3.2.12","It's a very fast and efficient glob library for Node.js","MIT","node_modules/fast-glob/LICENSE",""
"fast-json-patch@3.1.1","fast-json-patch","3.1.1","Fast implementation of JSON-Patch (RFC-6902) with duplex (observe changes) capabilities","MIT","node_modules/fast-json-patch/LICENSE.txt",""
"fastq@1.14.0","fastq","1.14.0","Fast, in memory work queue","ISC","node_modules/fastq/LICENSE",""
"fill-range@7.0.1","fill-range","7.0.1","Fill in a range of numbers or letters, optionally passing an increment or `step` to use, or create a regex-compatible range with `options.toRegex`","MIT","node_modules/fill-range/LICENSE",""
"finalhandler@1.2.0","finalhandler","1.2.0","Node.js final http responder","MIT","node_modules/finalhandler/LICENSE",""
"find-root@1.1.0","find-root","1.1.0","find the closest package.json","MIT","node_modules/find-root/LICENSE.md",""
"follow-redirects@1.15.2","follow-redirects","1.15.2","HTTP and HTTPS modules that follow redirects.","MIT","node_modules/follow-redirects/LICENSE",""
"form-data-encoder@1.7.2","form-data-encoder","1.7.2","Encode FormData content into the multipart/form-data format","MIT","node_modules/form-data-encoder/license",""
"form-data@4.0.0","form-data","4.0.0","A library to create readable "multipart/form-data" streams. Can be used to submit forms and file uploads to other web applications.","MIT","node_modules/form-data/License",""
"formdata-node@4.4.1","formdata-node","4.4.1","Spec-compliant FormData implementation for Node.js","MIT","node_modules/formdata-node/license",""
"forwarded@0.2.0","forwarded","0.2.0","Parse HTTP X-Forwarded-For header","MIT","node_modules/forwarded/LICENSE",""
"fraction.js@4.2.0","fraction.js","4.2.0","A rational number library","MIT","node_modules/fraction.js/LICENSE",""
"fresh@0.5.2","fresh","0.5.2","HTTP response freshness testing","MIT","node_modules/fresh/LICENSE",""
"fs.realpath@1.0.0","fs.realpath","1.0.0","Use node's fs.realpath, but fall back to the JS implementation if the native one fails","ISC","node_modules/fs.realpath/LICENSE",""
"fsevents@2.3.2","fsevents","2.3.2","Native Access to MacOS FSEvents","MIT","node_modules/fsevents/LICENSE",""
"function-bind@1.1.1","function-bind","1.1.1","Implementation of Function.prototype.bind","MIT","node_modules/function-bind/LICENSE",""
"generate-function@2.3.1","generate-function","2.3.1","Module that helps you write generated functions in Node","MIT","node_modules/generate-function/LICENSE",""
"get-intrinsic@1.1.3","get-intrinsic","1.1.3","Get and robustly cache all JS language-level intrinsics at first require time","MIT","node_modules/get-intrinsic/LICENSE",""
"glob-parent@5.1.2","glob-parent","5.1.2","Extract the non-magic parent path from a glob string.","ISC","node_modules/glob-parent/LICENSE",""
"glob-parent@6.0.2","glob-parent","6.0.2","Extract the non-magic parent path from a glob string.","ISC","node_modules/tailwindcss/node_modules/glob-parent/LICENSE",""
"glob@7.2.3","glob","7.2.3","a little globber","ISC","node_modules/glob/LICENSE",""
"graceful-fs@4.2.10","graceful-fs","4.2.10","A drop-in replacement for fs, making various improvements.","ISC","node_modules/graceful-fs/LICENSE",""
"has-flag@3.0.0","has-flag","3.0.0","Check if argv has a specific flag","MIT","node_modules/has-flag/license",""
"has-symbols@1.0.3","has-symbols","1.0.3","Determine if the JS environment has Symbol support. Supports spec, or shams.","MIT","node_modules/has-symbols/LICENSE",""
"has-tostringtag@1.0.0","has-tostringtag","1.0.0","Determine if the JS environment has `Symbol.toStringTag` support. Supports spec, or shams.","MIT","node_modules/has-tostringtag/LICENSE",""
"has@1.0.3","has","1.0.3","Object.prototype.hasOwnProperty.call shortcut","MIT","node_modules/has/LICENSE-MIT",""
"hoist-non-react-statics@3.3.2","hoist-non-react-statics","3.3.2","Copies non-react specific statics from a child component to a parent component","BSD-3-Clause","node_modules/hoist-non-react-statics/LICENSE.md",""
"hosted-git-info@2.8.9","hosted-git-info","2.8.9","Provides metadata and conversions from repository urls for Github, Bitbucket and Gitlab","ISC","node_modules/hosted-git-info/LICENSE",""
"http-cookie-agent@4.0.2","http-cookie-agent","4.0.2","Allows cookies with every Node.js HTTP clients.","MIT","node_modules/http-cookie-agent/LICENSE",""
"http-errors@2.0.0","http-errors","2.0.0","Create HTTP error objects","MIT","node_modules/http-errors/LICENSE",""
"iconv-lite@0.4.24","iconv-lite","0.4.24","Convert character encodings in pure javascript.","MIT","node_modules/iconv-lite/LICENSE",""
"iconv-lite@0.6.3","iconv-lite","0.6.3","Convert character encodings in pure javascript.","MIT","node_modules/mysql2/node_modules/iconv-lite/LICENSE",""
"ieee754@1.2.1","ieee754","1.2.1","Read/write IEEE754 floating point numbers from/to a Buffer or array-like object","BSD-3-Clause","node_modules/ieee754/LICENSE",""
"ignore-by-default@1.0.1","ignore-by-default","1.0.1","A list of directories you should ignore by default","ISC","node_modules/ignore-by-default/LICENSE",""
"import-fresh@3.3.0","import-fresh","3.3.0","Import a module while bypassing the cache","MIT","node_modules/import-fresh/license",""
"inflight@1.0.6","inflight","1.0.6","Add callbacks to requests in flight to avoid async duplication","ISC","node_modules/inflight/LICENSE",""
"inherits@2.0.4","inherits","2.0.4","Browser-friendly inheritance fully compatible with standard node.js inherits()","ISC","node_modules/inherits/LICENSE",""
"ioredis@5.2.4","ioredis","5.2.4","A robust, performance-focused and full-featured Redis client for Node.js.","MIT","node_modules/ioredis/LICENSE",""
"ipaddr.js@1.9.1","ipaddr.js","1.9.1","A library for manipulating IPv4 and IPv6 addresses in JavaScript.","MIT","node_modules/ipaddr.js/LICENSE",""
"is-arrayish@0.2.1","is-arrayish","0.2.1","Determines if an object can be used as an array","MIT","node_modules/is-arrayish/LICENSE",""
"is-binary-path@2.1.0","is-binary-path","2.1.0","Check if a file path is a binary file","MIT","node_modules/is-binary-path/license",""
"is-core-module@2.11.0","is-core-module","2.11.0","Is this specifier a node.js core module?","MIT","node_modules/is-core-module/LICENSE",""
"is-expression@4.0.0","is-expression","4.0.0","Check if a string is a valid JavaScript expression","MIT","node_modules/is-expression/LICENSE.md",""
"is-extglob@2.1.1","is-extglob","2.1.1","Returns true if a string has an extglob.","MIT","node_modules/is-extglob/LICENSE",""
"is-glob@4.0.3","is-glob","4.0.3","Returns `true` if the given string looks like a glob pattern or an extglob pattern. This makes it easy to create code that only uses external modules like node-glob when necessary, resulting in much faster code execution and initialization time, and a better user experience.","MIT","node_modules/is-glob/LICENSE",""
"is-number@7.0.0","is-number","7.0.0","Returns true if a number or string value is a finite number. Useful for regex matches, parsing, user input, etc.","MIT","node_modules/is-number/LICENSE",""
"is-plain-object@5.0.0","is-plain-object","5.0.0","Returns true if an object was created by the `Object` constructor, or Object.create(null).","MIT","node_modules/is-plain-object/LICENSE",""
"is-promise@2.2.2","is-promise","2.2.2","Test whether an object looks like a promises-a+ promise","MIT","node_modules/is-promise/LICENSE",""
"is-property@1.0.2","is-property","1.0.2","Tests if a JSON property can be accessed using . syntax","MIT","node_modules/is-property/LICENSE",""
"is-regex@1.1.4","is-regex","1.1.4","Is this value a JS regex? Works cross-realm/iframe, and despite ES6 @@toStringTag","MIT","node_modules/is-regex/LICENSE",""
"jalaali-js@1.2.6","jalaali-js","1.2.6","Converts Gregorian and Jalaali calendars to each other","MIT","node_modules/jalaali-js/LICENSE",""
"js-stringify@1.0.2","js-stringify","1.0.2","Stringify an object so it can be safely inlined in JavaScript code","MIT","node_modules/js-stringify/LICENSE",""
"js-tokens@4.0.0","js-tokens","4.0.0","A regex that tokenizes JavaScript.","MIT","node_modules/js-tokens/LICENSE",""
"js-yaml@4.1.0","js-yaml","4.1.0","YAML 1.2 parser and serializer","MIT","node_modules/js-yaml/LICENSE",""
"json-parse-even-better-errors@2.3.1","json-parse-even-better-errors","2.3.1","JSON.parse with context information on error","MIT","node_modules/json-parse-even-better-errors/LICENSE.md",""
"json-schema-traverse@1.0.0","json-schema-traverse","1.0.0","Traverse JSON Schema passing each schema object to callback","MIT","node_modules/json-schema-traverse/LICENSE",""
"jsonwebtoken@8.5.1","jsonwebtoken","8.5.1","JSON Web Token implementation (symmetric and asymmetric)","MIT","node_modules/jsonwebtoken/LICENSE",""
"jstransformer@1.0.0","jstransformer","1.0.0","Normalize the API of any jstransformer","MIT","node_modules/jstransformer/LICENSE.md",""
"jwa@1.4.1","jwa","1.4.1","JWA implementation (supports all JWS algorithms)","MIT","node_modules/jwa/LICENSE",""
"jws@3.2.2","jws","3.2.2","Implementation of JSON Web Signatures","MIT","node_modules/jws/LICENSE",""
"license-checker@25.0.1","license-checker","25.0.1","Check license info for a package","BSD-3-Clause","node_modules/license-checker/LICENSE",""
"license-component@0.1.0","license-component","0.1.0","This is a [Next.js](https://nextjs.org/) project bootstrapped with [`create-next-app`](https://github.com/vercel/next.js/tree/canary/packages/create-next-app).","UNLICENSED","README.md",""
"license_manager@0.1.4","license_manager","0.1.4","License-definition manager","Custom: http://localhost","node_modules/license_manager/LICENSE",""
"lilconfig@2.0.6","lilconfig","2.0.6","A zero-dependency alternative to cosmiconfig","MIT","node_modules/lilconfig/LICENSE",""
"lines-and-columns@1.2.4","lines-and-columns","1.2.4","Maps lines and columns to character offsets and back.","MIT","node_modules/lines-and-columns/LICENSE",""
"lodash.defaults@4.2.0","lodash.defaults","4.2.0","The lodash method `_.defaults` exported as a module.","MIT","node_modules/lodash.defaults/LICENSE",""
"lodash.includes@4.3.0","lodash.includes","4.3.0","The lodash method `_.includes` exported as a module.","MIT","node_modules/lodash.includes/LICENSE",""
"lodash.isarguments@3.1.0","lodash.isarguments","3.1.0","The lodash method `_.isArguments` exported as a module.","MIT","node_modules/lodash.isarguments/LICENSE",""
"lodash.isboolean@3.0.3","lodash.isboolean","3.0.3","The lodash method `_.isBoolean` exported as a module.","MIT","node_modules/lodash.isboolean/LICENSE",""
"lodash.isinteger@4.0.4","lodash.isinteger","4.0.4","The lodash method `_.isInteger` exported as a module.","MIT","node_modules/lodash.isinteger/LICENSE",""
"lodash.isnumber@3.0.3","lodash.isnumber","3.0.3","The lodash method `_.isNumber` exported as a module.","MIT","node_modules/lodash.isnumber/LICENSE",""
"lodash.isplainobject@4.0.6","lodash.isplainobject","4.0.6","The lodash method `_.isPlainObject` exported as a module.","MIT","node_modules/lodash.isplainobject/LICENSE",""
"lodash.isstring@4.0.1","lodash.isstring","4.0.1","The lodash method `_.isString` exported as a module.","MIT","node_modules/lodash.isstring/LICENSE",""
"lodash.once@4.1.1","lodash.once","4.1.1","The lodash method `_.once` exported as a module.","MIT","node_modules/lodash.once/LICENSE",""
"lodash@4.17.21","lodash","4.17.21","Lodash modular utilities.","MIT","node_modules/lodash/LICENSE",""
"long@4.0.0","long","4.0.0","A Long class for representing a 64-bit two's-complement integer value.","Apache-2.0","node_modules/long/LICENSE",""
"loose-envify@1.4.0","loose-envify","1.4.0","Fast (and loose) selective `process.env` replacer using js-tokens instead of an AST","MIT","node_modules/loose-envify/LICENSE",""
"lru-cache@4.1.5","lru-cache","4.1.5","A cache object that deletes the least-recently-used items.","ISC","node_modules/named-placeholders/node_modules/lru-cache/LICENSE",""
"lru-cache@6.0.0","lru-cache","6.0.0","A cache object that deletes the least-recently-used items.","ISC","node_modules/lru-cache/LICENSE",""
"make-error@1.3.6","make-error","1.3.6","Make your own error types!","ISC","node_modules/make-error/LICENSE",""
"media-typer@0.3.0","media-typer","0.3.0","Simple RFC 6838 media type parser and formatter","MIT","node_modules/media-typer/LICENSE",""
"merge-descriptors@1.0.1","merge-descriptors","1.0.1","Merge objects using descriptors","MIT","node_modules/merge-descriptors/LICENSE",""
"merge2@1.4.1","merge2","1.4.1","Merge multiple streams into one stream in sequence or parallel.","MIT","node_modules/merge2/LICENSE",""
"methods@1.1.2","methods","1.1.2","HTTP methods that node supports","MIT","node_modules/methods/LICENSE",""
"mgr-swagger-express@0.0.6","mgr-swagger-express","0.0.6","Swagger annotations for your express project","MIT","node_modules/mgr-swagger-express/LICENSE",""
"micromatch@4.0.5","micromatch","4.0.5","Glob matching for javascript/node.js. A replacement and faster alternative to minimatch and multimatch.","MIT","node_modules/micromatch/LICENSE",""
"mime-db@1.52.0","mime-db","1.52.0","Media Type Database","MIT","node_modules/mime-db/LICENSE",""
"mime-types@2.1.35","mime-types","2.1.35","The ultimate javascript content-type utility.","MIT","node_modules/mime-types/LICENSE",""
"mime@1.6.0","mime","1.6.0","A comprehensive library for mime-type mapping","MIT","node_modules/mime/LICENSE",""
"minimatch@3.1.2","minimatch","3.1.2","a glob matcher in javascript","ISC","node_modules/minimatch/LICENSE",""
"minimist@1.2.7","minimist","1.2.7","parse argument options","MIT","node_modules/minimist/LICENSE",""
"mkdirp@0.5.6","mkdirp","0.5.6","Recursively mkdir, like `mkdir -p`","MIT","node_modules/mkdirp/LICENSE",""
"moment-jalaali@0.9.6","moment-jalaali","0.9.6","Jalaali (Jalali, Persian, Khorshidi, Shamsi) calendar system plugin for moment.js.","MIT","node_modules/moment-jalaali/LICENSE",""
"moment-timezone@0.5.40","moment-timezone","0.5.40","Parse and display moments in any timezone.","MIT","node_modules/moment-timezone/LICENSE",""
"moment@2.29.4","moment","2.29.4","Parse, validate, manipulate, and display dates","MIT","node_modules/moment/LICENSE",""
"ms@2.0.0","ms","2.0.0","Tiny milisecond conversion utility","MIT","node_modules/ms/license.md",""
"ms@2.1.2","ms","2.1.2","Tiny millisecond conversion utility","MIT","node_modules/agent-base/node_modules/ms/license.md",""
"ms@2.1.3","ms","2.1.3","Tiny millisecond conversion utility","MIT","node_modules/send/node_modules/ms/license.md",""
"mysql2@2.3.3","mysql2","2.3.3","fast mysql driver. Implements core protocol, prepared statements, ssl and compression in native JS","MIT","node_modules/mysql2/License",""
"named-placeholders@1.1.2","named-placeholders","1.1.2","sql named placeholders to unnamed compiler","MIT","node_modules/named-placeholders/LICENSE",""
"nano@10.1.0","nano","10.1.0","The official CouchDB client for Node.js","Apache-2.0","node_modules/nano/LICENSE",""
"nanoid@3.3.4","nanoid","3.3.4","A tiny (116 bytes), secure URL-friendly unique string ID generator","MIT","node_modules/nanoid/LICENSE",""
"negotiator@0.6.3","negotiator","0.6.3","HTTP content negotiation","MIT","node_modules/negotiator/LICENSE",""
"neo4j-driver-bolt-connection@4.4.10","neo4j-driver-bolt-connection","4.4.10","Implements the connection with the Neo4j Database using the Bolt Protocol","Apache-2.0","node_modules/neo4j-driver-bolt-connection/LICENSE",""
"neo4j-driver-core@4.4.10","neo4j-driver-core","4.4.10","Internals of neo4j-driver","Apache-2.0","node_modules/neo4j-driver-core/LICENSE",""
"neo4j-driver@4.4.10","neo4j-driver","4.4.10","Connect to Neo4j 3.5.0 and up from JavaScript","Apache-2.0","node_modules/neo4j-driver/LICENSE",""
"next@13.0.6","next","13.0.6","The React Framework","MIT","node_modules/next/license.md",""
"node-abort-controller@3.0.1","node-abort-controller","3.0.1","AbortController for Node based on EventEmitter","MIT","node_modules/node-abort-controller/LICENSE",""
"node-domexception@1.0.0","node-domexception","1.0.0","An implementation of the DOMException class from NodeJS","MIT","node_modules/node-domexception/LICENSE",""
"node-fetch@2.6.7","node-fetch","2.6.7","A light-weight module that brings window.fetch to node.js","MIT","node_modules/node-fetch/LICENSE.md",""
"node-releases@2.0.7","node-releases","2.0.7","Node.js releases data","MIT","node_modules/node-releases/LICENSE",""
"nodemailer-pug-engine@2.0.1","nodemailer-pug-engine","2.0.1","A nodemailer plugin for pug templates","MIT","node_modules/nodemailer-pug-engine/README.md",""
"nodemailer@6.8.0","nodemailer","6.8.0","Easy as cake e-mail sending from your Node.js applications","MIT","node_modules/nodemailer/LICENSE",""
"nodemon@2.0.20","nodemon","2.0.20","Simple monitor script for use during development of a Node.js app.","MIT","node_modules/nodemon/LICENSE",""
"nopt@1.0.10","nopt","1.0.10","Option parsing for Node, supporting types, shorthands, etc. Used by npm.","MIT","node_modules/nopt/LICENSE",""
"nopt@4.0.3","nopt","4.0.3","Option parsing for Node, supporting types, shorthands, etc. Used by npm.","ISC","node_modules/license-checker/node_modules/nopt/LICENSE",""
"normalize-package-data@2.5.0","normalize-package-data","2.5.0","Normalizes data that can be found in package.json files.","BSD-2-Clause","node_modules/normalize-package-data/LICENSE",""
"normalize-path@3.0.0","normalize-path","3.0.0","Normalize slashes in a file path to be posix/unix-like forward slashes. Also condenses repeat slashes to a single slash and removes and trailing slashes, unless disabled.","MIT","node_modules/normalize-path/LICENSE",""
"normalize-range@0.1.2","normalize-range","0.1.2","Utility for normalizing a numeric range, with a wrapping function useful for polar coordinates","MIT","node_modules/normalize-range/license",""
"npm-normalize-package-bin@1.0.1","npm-normalize-package-bin","1.0.1","Turn any flavor of allowable package.json bin into a normalized object","ISC","node_modules/npm-normalize-package-bin/LICENSE",""
"object-assign@4.1.1","object-assign","4.1.1","ES2015 `Object.assign()` ponyfill","MIT","node_modules/object-assign/license",""
"object-hash@3.0.0","object-hash","3.0.0","Generate hashes from javascript objects in node and the browser.","MIT","node_modules/object-hash/LICENSE",""
"object-inspect@1.12.2","object-inspect","1.12.2","string representations of objects in node and the browser","MIT","node_modules/object-inspect/LICENSE",""
"on-finished@2.4.1","on-finished","2.4.1","Execute a callback when a request closes, finishes, or errors","MIT","node_modules/on-finished/LICENSE",""
"on-headers@1.0.2","on-headers","1.0.2","Execute a listener when a response is about to write headers","MIT","node_modules/on-headers/LICENSE",""
"once@1.4.0","once","1.4.0","Run a function exactly one time","ISC","node_modules/once/LICENSE",""
"os-homedir@1.0.2","os-homedir","1.0.2","Node.js 4 `os.homedir()` ponyfill","MIT","node_modules/os-homedir/license",""
"os-tmpdir@1.0.2","os-tmpdir","1.0.2","Node.js os.tmpdir() ponyfill","MIT","node_modules/os-tmpdir/license",""
"osenv@0.1.5","osenv","0.1.5","Look up environment settings specific to different operating systems","ISC","node_modules/osenv/LICENSE",""
"parent-module@1.0.1","parent-module","1.0.1","Get the path of the parent module","MIT","node_modules/parent-module/license",""
"parse-json@5.2.0","parse-json","5.2.0","Parse JSON with more helpful errors","MIT","node_modules/parse-json/license",""
"parseurl@1.3.3","parseurl","1.3.3","parse a url with memoization","MIT","node_modules/parseurl/LICENSE",""
"passport-http@0.3.0","passport-http","0.3.0","HTTP Basic and Digest authentication strategies for Passport.","MIT","node_modules/passport-http/LICENSE",""
"passport-local@1.0.0","passport-local","1.0.0","Local username and password authentication strategy for Passport.","MIT","node_modules/passport-local/LICENSE",""
"passport-strategy@1.0.0","passport-strategy","1.0.0","An abstract class implementing Passport's strategy API.","MIT","node_modules/passport-strategy/LICENSE",""
"passport@0.5.3","passport","0.5.3","Simple, unobtrusive authentication for Node.js.","MIT","node_modules/passport/LICENSE",""
"path-is-absolute@1.0.1","path-is-absolute","1.0.1","Node.js 0.12 path.isAbsolute() ponyfill","MIT","node_modules/path-is-absolute/license",""
"path-parse@1.0.7","path-parse","1.0.7","Node.js path.parse() ponyfill","MIT","node_modules/path-parse/LICENSE",""
"path-to-regexp@0.1.7","path-to-regexp","0.1.7","Express style path to RegExp utility","MIT","node_modules/path-to-regexp/LICENSE",""
"path-type@4.0.0","path-type","4.0.0","Check if a path is a file, directory, or symlink","MIT","node_modules/path-type/license",""
"pause@0.0.1","pause","0.0.1","Pause streams...","MIT*","node_modules/pause/Readme.md",""
"picocolors@1.0.0","picocolors","1.0.0","The tiniest and the fastest library for terminal output formatting with ANSI colors","ISC","node_modules/picocolors/LICENSE",""
"picomatch@2.3.1","picomatch","2.3.1","Blazing fast and accurate glob matcher written in JavaScript, with no dependencies and full support for standard and extended Bash glob features, including braces, extglobs, POSIX brackets, and regular expressions.","MIT","node_modules/picomatch/LICENSE",""
"pify@2.3.0","pify","2.3.0","Promisify a callback-style function","MIT","node_modules/pify/license",""
"postcss-import@14.1.0","postcss-import","14.1.0","PostCSS plugin to import CSS files","MIT","node_modules/postcss-import/LICENSE",""
"postcss-js@4.0.0","postcss-js","4.0.0","PostCSS for CSS-in-JS and styles in JS objects","MIT","node_modules/postcss-js/LICENSE",""
"postcss-load-config@3.1.4","postcss-load-config","3.1.4","Autoload Config for PostCSS","MIT","node_modules/postcss-load-config/LICENSE",""
"postcss-nested@6.0.0","postcss-nested","6.0.0","PostCSS plugin to unwrap nested rules like how Sass does it","MIT","node_modules/postcss-nested/LICENSE",""
"postcss-selector-parser@6.0.11","postcss-selector-parser","6.0.11","> Selector parser with built in methods for working with selector strings.","MIT","node_modules/postcss-selector-parser/LICENSE-MIT",""
"postcss-value-parser@4.2.0","postcss-value-parser","4.2.0","Transforms css values and at-rule params into the tree","MIT","node_modules/postcss-value-parser/LICENSE",""
"postcss@8.4.14","postcss","8.4.14","Tool for transforming styles with JS plugins","MIT","node_modules/next/node_modules/postcss/LICENSE",""
"postcss@8.4.20","postcss","8.4.20","Tool for transforming styles with JS plugins","MIT","node_modules/postcss/LICENSE",""
"promise@7.3.1","promise","7.3.1","Bare bones Promises/A+ implementation","MIT","node_modules/promise/LICENSE",""
"prop-types@15.8.1","prop-types","15.8.1","Runtime type checking for React props and similar objects.","MIT","node_modules/prop-types/LICENSE",""
"proxy-addr@2.0.7","proxy-addr","2.0.7","Determine address of proxied request","MIT","node_modules/proxy-addr/LICENSE",""
"proxy-from-env@1.1.0","proxy-from-env","1.1.0","Offers getProxyForUrl to get the proxy URL for a URL, respecting the *_PROXY (e.g. HTTP_PROXY) and NO_PROXY environment variables.","MIT","node_modules/proxy-from-env/LICENSE",""
"pseudomap@1.0.2","pseudomap","1.0.2","A thing that is a lot like ES6 `Map`, but without iterators, for use in environments where `for..of` syntax and `Map` are not available.","ISC","node_modules/pseudomap/LICENSE",""
"psl@1.9.0","psl","1.9.0","Domain name parser based on the Public Suffix List","MIT","node_modules/psl/LICENSE",""
"pstree.remy@1.1.8","pstree.remy","1.1.8","Collects the full tree of processes from /proc","MIT","node_modules/pstree.remy/LICENSE",""
"pug-attrs@3.0.0","pug-attrs","3.0.0","Generate code for Pug attributes","MIT","node_modules/pug-attrs/LICENSE",""
"pug-code-gen@3.0.2","pug-code-gen","3.0.2","Default code-generator for pug.  It generates HTML via a JavaScript template function.","MIT","node_modules/pug-code-gen/LICENSE",""
"pug-error@2.0.0","pug-error","2.0.0","Standard error objects for pug","MIT","node_modules/pug-error/LICENSE",""
"pug-filters@4.0.0","pug-filters","4.0.0","Code for processing filters in pug templates","MIT","node_modules/pug-filters/LICENSE",""
"pug-lexer@5.0.1","pug-lexer","5.0.1","The pug lexer (takes a string and converts it to an array of tokens)","MIT","node_modules/pug-lexer/LICENSE",""
"pug-linker@4.0.0","pug-linker","4.0.0","Link multiple pug ASTs together using include/extends","MIT","node_modules/pug-linker/LICENSE",""
"pug-load@3.0.0","pug-load","3.0.0","The Pug loader is responsible for loading the depenendencies of a given Pug file.","MIT","node_modules/pug-load/LICENSE",""
"pug-parser@6.0.0","pug-parser","6.0.0","The pug parser (takes an array of tokens and converts it to an abstract syntax tree)","MIT","node_modules/pug-parser/LICENSE",""
"pug-runtime@3.0.1","pug-runtime","3.0.1","The runtime components for the pug templating language","MIT","node_modules/pug-runtime/LICENSE",""
"pug-strip-comments@2.0.0","pug-strip-comments","2.0.0","Strip comments from a Pug token stream (from the lexer)","MIT","node_modules/pug-strip-comments/LICENSE.md",""
"pug-walk@2.0.0","pug-walk","2.0.0","Walk and transform a pug AST","MIT","node_modules/pug-walk/LICENSE",""
"pug@3.0.2","pug","3.0.2","A clean, whitespace-sensitive template language for writing HTML","MIT","node_modules/pug/LICENSE",""
"punycode@1.3.2","punycode","1.3.2","A robust Punycode converter that fully complies to RFC 3492 and RFC 5891, and works on nearly all JavaScript platforms.","MIT","node_modules/url/node_modules/punycode/LICENSE-MIT.txt",""
"punycode@2.1.1","punycode","2.1.1","A robust Punycode converter that fully complies to RFC 3492 and RFC 5891, and works on nearly all JavaScript platforms.","MIT","node_modules/punycode/LICENSE-MIT.txt",""
"qs@6.11.0","qs","6.11.0","A querystring parser that supports nesting and arrays, with a depth limit","BSD-3-Clause","node_modules/qs/LICENSE.md",""
"querystring@0.2.0","querystring","0.2.0","Node's querystring module for all engines.","MIT","node_modules/querystring/License.md",""
"querystringify@2.2.0","querystringify","2.2.0","Querystringify - Small, simple but powerful query string parser.","MIT","node_modules/querystringify/LICENSE",""
"queue-microtask@1.2.3","queue-microtask","1.2.3","fast, tiny `queueMicrotask` shim for modern engines","MIT","node_modules/queue-microtask/LICENSE",""
"quick-lru@5.1.1","quick-lru","5.1.1","Simple Least Recently Used (LRU) cache","MIT","node_modules/quick-lru/license",""
"random-bytes@1.0.0","random-bytes","1.0.0","URL and cookie safe UIDs","MIT","node_modules/random-bytes/LICENSE",""
"range-parser@1.2.1","range-parser","1.2.1","Range header field string parser","MIT","node_modules/range-parser/LICENSE",""
"raw-body@2.5.1","raw-body","2.5.1","Get and validate the raw body of a readable stream.","MIT","node_modules/raw-body/LICENSE",""
"react-dom@18.2.0","react-dom","18.2.0","React package for working with the DOM.","MIT","node_modules/react-dom/LICENSE",""
"react-is@16.13.1","react-is","16.13.1","Brand checking of React Elements.","MIT","node_modules/react-is/LICENSE",""
"react-is@18.2.0","react-is","18.2.0","Brand checking of React Elements.","MIT","node_modules/@mui/utils/node_modules/react-is/LICENSE",""
"react-router-dom@6.4.5","react-router-dom","6.4.5","Declarative routing for React web applications","MIT","node_modules/react-router-dom/LICENSE.md",""
"react-router@6.4.5","react-router","6.4.5","Declarative routing for React","MIT","node_modules/react-router/LICENSE.md",""
"react-transition-group@4.4.5","react-transition-group","4.4.5","A react component toolset for managing animations","BSD-3-Clause","node_modules/react-transition-group/LICENSE",""
"react@18.2.0","react","18.2.0","React is a JavaScript library for building user interfaces.","MIT","node_modules/react/LICENSE",""
"read-cache@1.0.0","read-cache","1.0.0","Reads and caches the entire contents of a file until it is modified","MIT","node_modules/read-cache/LICENSE",""
"read-installed@4.0.3","read-installed","4.0.3","Read all the installed packages in a folder, and return a tree structure with all the data.","ISC","node_modules/read-installed/LICENSE",""
"read-package-json@2.1.2","read-package-json","2.1.2","The thing npm uses to read package.json files with semantics and defaults and validation","ISC","node_modules/read-package-json/LICENSE",""
"readdir-scoped-modules@1.1.0","readdir-scoped-modules","1.1.0","Like `fs.readdir` but handling `@org/module` dirs as if they were a single entry.","ISC","node_modules/readdir-scoped-modules/LICENSE",""
"readdirp@3.6.0","readdirp","3.6.0","Recursive version of fs.readdir with streaming API.","MIT","node_modules/readdirp/LICENSE",""
"redis-errors@1.2.0","redis-errors","1.2.0","Error classes used in node_redis","MIT","node_modules/redis-errors/LICENSE",""
"redis-parser@3.0.0","redis-parser","3.0.0","Javascript Redis protocol (RESP) parser","MIT","node_modules/redis-parser/LICENSE",""
"regenerator-runtime@0.13.11","regenerator-runtime","0.13.11","Runtime for Regenerator-compiled generator and async functions.","MIT","node_modules/regenerator-runtime/LICENSE",""
"require-from-string@2.0.2","require-from-string","2.0.2","Require module from string","MIT","node_modules/require-from-string/license",""
"requires-port@1.0.0","requires-port","1.0.0","Check if a protocol requires a certain port number to be added to an URL.","MIT","node_modules/requires-port/LICENSE",""
"resolve-from@4.0.0","resolve-from","4.0.0","Resolve the path of a module like `require.resolve()` but from a given path","MIT","node_modules/resolve-from/license",""
"resolve@1.22.1","resolve","1.22.1","resolve like require.resolve() on behalf of files asynchronously and synchronously","MIT","node_modules/resolve/LICENSE",""
"reusify@1.0.4","reusify","1.0.4","Reuse objects and functions with style","MIT","node_modules/reusify/LICENSE",""
"rifm@0.12.1","rifm","0.12.1","Tiny react input formatter and mask","MIT","node_modules/rifm/LICENSE",""
"rimraf@3.0.2","rimraf","3.0.2","A deep deletion module for node (like `rm -rf`)","ISC","node_modules/rimraf/LICENSE",""
"run-parallel@1.2.0","run-parallel","1.2.0","Run an array of functions in parallel","MIT","node_modules/run-parallel/LICENSE",""
"rxjs@6.6.7","rxjs","6.6.7","Reactive Extensions for modern JavaScript","Apache-2.0","node_modules/rxjs/LICENSE.txt",""
"safe-buffer@5.2.1","safe-buffer","5.2.1","Safer Node.js Buffer API","MIT","node_modules/safe-buffer/LICENSE",""
"safer-buffer@2.1.2","safer-buffer","2.1.2","Modern Buffer API polyfill without footguns","MIT","node_modules/safer-buffer/LICENSE",""
"scheduler@0.23.0","scheduler","0.23.0","Cooperative scheduler for the browser environment.","MIT","node_modules/scheduler/LICENSE",""
"semver@5.7.1","semver","5.7.1","The semantic version parser used by npm.","ISC","node_modules/semver/LICENSE",""
"semver@7.0.0","semver","7.0.0","The semantic version parser used by npm.","ISC","node_modules/simple-update-notifier/node_modules/semver/LICENSE",""
"send@0.18.0","send","0.18.0","Better streaming static file server with Range and conditional-GET support","MIT","node_modules/send/LICENSE",""
"seq-queue@0.0.5","seq-queue","0.0.5","A simple tool to keep requests to be executed in order.","MIT*","node_modules/seq-queue/LICENSE",""
"serve-static@1.15.0","serve-static","1.15.0","Serve static files","MIT","node_modules/serve-static/LICENSE",""
"setprototypeof@1.2.0","setprototypeof","1.2.0","A small polyfill for Object.setprototypeof","ISC","node_modules/setprototypeof/LICENSE",""
"side-channel@1.0.4","side-channel","1.0.4","Store information about any JS value in a side channel. Uses WeakMap if available.","MIT","node_modules/side-channel/LICENSE",""
"simple-update-notifier@1.1.0","simple-update-notifier","1.1.0","Simple update notifier to check for npm updates for cli applications","MIT","node_modules/simple-update-notifier/LICENSE",""
"slide@1.1.6","slide","1.1.6","A flow control lib small enough to fit on in a slide presentation. Derived live at Oak.JS","ISC","node_modules/slide/LICENSE",""
"source-map-js@1.0.2","source-map-js","1.0.2","Generates and consumes source maps","BSD-3-Clause","node_modules/source-map-js/LICENSE",""
"source-map@0.5.7","source-map","0.5.7","Generates and consumes source maps","BSD-3-Clause","node_modules/source-map/LICENSE",""
"spdx-compare@1.0.0","spdx-compare","1.0.0","compare SPDX license expressions","MIT","node_modules/spdx-compare/LICENSE.md",""
"spdx-correct@3.1.1","spdx-correct","3.1.1","correct invalid SPDX expressions","Apache-2.0","node_modules/spdx-correct/LICENSE",""
"spdx-exceptions@2.3.0","spdx-exceptions","2.3.0","list of SPDX standard license exceptions","CC-BY-3.0","node_modules/spdx-exceptions/README.md",""
"spdx-expression-parse@3.0.1","spdx-expression-parse","3.0.1","parse SPDX license expressions","MIT","node_modules/spdx-expression-parse/LICENSE",""
"spdx-license-ids@3.0.12","spdx-license-ids","3.0.12","A list of SPDX license identifiers","CC0-1.0","node_modules/spdx-license-ids/README.md",""
"spdx-ranges@2.1.1","spdx-ranges","2.1.1","list of SPDX standard license ranges","(MIT AND CC-BY-3.0)","node_modules/spdx-ranges/LICENSE.md",""
"spdx-satisfies@4.0.1","spdx-satisfies","4.0.1","test whether SPDX expressions satisfy licensing criteria","MIT","node_modules/spdx-satisfies/LICENSE",""
"sprintf-js@1.0.3","sprintf-js","1.0.3","JavaScript sprintf implementation","BSD-3-Clause","node_modules/sprintf-js/LICENSE",""
"sqlstring@2.3.3","sqlstring","2.3.3","Simple SQL escape and format for MySQL","MIT","node_modules/sqlstring/LICENSE",""
"standard-as-callback@2.1.0","standard-as-callback","2.1.0","A performant and standard (Bluebird) library that registers a node-style callback on a promise","MIT","node_modules/standard-as-callback/LICENSE",""
"statuses@2.0.1","statuses","2.0.1","HTTP status utility","MIT","node_modules/statuses/LICENSE",""
"string_decoder@1.3.0","string_decoder","1.3.0","The string_decoder module from Node core","MIT","node_modules/string_decoder/LICENSE",""
"styled-jsx@5.1.0","styled-jsx","5.1.0","Full CSS support for JSX without compromises","MIT","node_modules/styled-jsx/license.md",""
"stylis@4.1.3","stylis","4.1.3","A Lightweight CSS Preprocessor","MIT","node_modules/stylis/LICENSE",""
"supports-color@5.5.0","supports-color","5.5.0","Detect whether a terminal supports color","MIT","node_modules/supports-color/license",""
"supports-preserve-symlinks-flag@1.0.0","supports-preserve-symlinks-flag","1.0.0","Determine if the current node version supports the `--preserve-symlinks` flag.","MIT","node_modules/supports-preserve-symlinks-flag/LICENSE",""
"swagger-client@3.18.5","swagger-client","3.18.5","SwaggerJS - a collection of interfaces for OAI specs","Apache-2.0","node_modules/swagger-client/LICENSE",""
"swagger-ui-dist@4.15.5","swagger-ui-dist","4.15.5","[![NPM version](https://badge.fury.io/js/swagger-ui-dist.svg)](http://badge.fury.io/js/swagger-ui-dist)","Apache-2.0","node_modules/swagger-ui-dist/LICENSE",""
"swagger-ui-express@4.6.0","swagger-ui-express","4.6.0","Swagger UI Express","MIT","node_modules/swagger-ui-express/LICENSE",""
"tailwindcss@3.2.4","tailwindcss","3.2.4","A utility-first CSS framework for rapidly building custom user interfaces.","MIT","node_modules/tailwindcss/LICENSE",""
"tarn@3.0.2","tarn","3.0.2","Simple and robust resource pool for node.js","MIT","node_modules/tarn/LICENSE",""
"to-fast-properties@2.0.0","to-fast-properties","2.0.0","Force V8 to use fast properties for an object","MIT","node_modules/to-fast-properties/license",""
"to-regex-range@5.0.1","to-regex-range","5.0.1","Pass two numbers, get a regex-compatible source string for matching ranges. Validated against more than 2.78 million test assertions.","MIT","node_modules/to-regex-range/LICENSE",""
"toidentifier@1.0.1","toidentifier","1.0.1","Convert a string of words to a JavaScript identifier","MIT","node_modules/toidentifier/LICENSE",""
"token-stream@1.0.0","token-stream","1.0.0","Take an array of token and produce a more useful API to give to a parser","MIT","node_modules/token-stream/LICENSE",""
"touch@3.1.0","touch","3.1.0","like touch(1) in node","ISC","node_modules/touch/LICENSE",""
"tough-cookie@4.1.2","tough-cookie","4.1.2","RFC6265 Cookies and Cookie Jar for node.js","BSD-3-Clause","node_modules/tough-cookie/LICENSE",""
"tr46@0.0.3","tr46","0.0.3","An implementation of the Unicode TR46 spec","MIT","",""
"traverse@0.6.7","traverse","0.6.7","traverse and transform objects by visiting every node on a recursive walk","MIT","node_modules/traverse/LICENSE",""
"treeify@1.1.0","treeify","1.1.0","converts a JS object into a nice and readable tree structure for the console","MIT","node_modules/treeify/LICENSE",""
"ts-node@10.9.1","ts-node","10.9.1","TypeScript execution environment and REPL for node.js, with source map support","MIT","node_modules/ts-node/LICENSE",""
"tslib@1.14.1","tslib","1.14.1","Runtime library for TypeScript helper functions","0BSD","node_modules/rxjs/node_modules/tslib/LICENSE.txt",""
"tslib@2.4.1","tslib","2.4.1","Runtime library for TypeScript helper functions","0BSD","node_modules/tslib/LICENSE.txt",""
"type-is@1.6.18","type-is","1.6.18","Infer the content-type of a request.","MIT","node_modules/type-is/LICENSE",""
"typescript@4.9.4","typescript","4.9.4","TypeScript is a language for application scale JavaScript development","Apache-2.0","node_modules/typescript/LICENSE.txt",""
"uid-safe@2.1.5","uid-safe","2.1.5","URL and cookie safe UIDs","MIT","node_modules/uid-safe/LICENSE",""
"undefsafe@2.0.5","undefsafe","2.0.5","Undefined safe way of extracting object properties","MIT","node_modules/undefsafe/LICENSE",""
"universalify@0.2.0","universalify","0.2.0","Make a callback- or promise-based function support both promises and callbacks.","MIT","node_modules/universalify/LICENSE",""
"unpipe@1.0.0","unpipe","1.0.0","Unpipe a stream from all destinations","MIT","node_modules/unpipe/LICENSE",""
"update-browserslist-db@1.0.10","update-browserslist-db","1.0.10","CLI tool to update caniuse-lite to refresh target browsers from Browserslist config","MIT","node_modules/update-browserslist-db/LICENSE",""
"uri-js@4.4.1","uri-js","4.4.1","An RFC 3986/3987 compliant, scheme extendable URI/IRI parsing/validating/resolving library for JavaScript.","BSD-2-Clause","node_modules/uri-js/LICENSE",""
"url-parse@1.5.10","url-parse","1.5.10","Small footprint URL parser that works seamlessly across Node.js and browser environments","MIT","node_modules/url-parse/LICENSE",""
"url-pattern@1.0.3","url-pattern","1.0.3","easier than regex string matching patterns for urls and other strings. turn strings into data or data into strings.","MIT","node_modules/url-pattern/LICENSE",""
"url@0.11.0","url","0.11.0","The core `url` packaged standalone for use with Browserify.","MIT","node_modules/url/LICENSE",""
"use-sync-external-store@1.2.0","use-sync-external-store","1.2.0","Backwards compatible shim for React's useSyncExternalStore. Works with any React that supports hooks.","MIT","node_modules/use-sync-external-store/LICENSE",""
"util-deprecate@1.0.2","util-deprecate","1.0.2","The Node.js `util.deprecate()` function with browser support","MIT","node_modules/util-deprecate/LICENSE",""
"util-extend@1.0.3","util-extend","1.0.3","Node's internal object extension function","MIT","node_modules/util-extend/LICENSE",""
"utils-merge@1.0.1","utils-merge","1.0.1","merge() utility function","MIT","node_modules/utils-merge/LICENSE",""
"uuid@8.3.2","uuid","8.3.2","RFC4122 (v1, v4, and v5) UUIDs","MIT","node_modules/clm-core/node_modules/uuid/LICENSE.md",""
"uuid@9.0.0","uuid","9.0.0","RFC4122 (v1, v4, and v5) UUIDs","MIT","node_modules/uuid/LICENSE.md",""
"v8-compile-cache-lib@3.0.1","v8-compile-cache-lib","3.0.1","Require hook for automatic V8 compile cache persistence","MIT","node_modules/v8-compile-cache-lib/LICENSE",""
"validate-npm-package-license@3.0.4","validate-npm-package-license","3.0.4","Give me a string and I'll tell you if it's a valid npm package license string","Apache-2.0","node_modules/validate-npm-package-license/LICENSE",""
"validator@13.7.0","validator","13.7.0","String validation and sanitization","MIT","node_modules/validator/LICENSE",""
"vary@1.1.2","vary","1.1.2","Manipulate the HTTP Vary header","MIT","node_modules/vary/LICENSE",""
"void-elements@3.1.0","void-elements","3.1.0","Array of "void elements" defined by the HTML specification.","MIT","node_modules/void-elements/LICENSE",""
"web-streams-polyfill@4.0.0-beta.3","web-streams-polyfill","4.0.0-beta.3","Web Streams, based on the WHATWG spec reference implementation","MIT","node_modules/web-streams-polyfill/LICENSE",""
"webidl-conversions@3.0.1","webidl-conversions","3.0.1","Implements the WebIDL algorithms for converting to and from JavaScript values","BSD-2-Clause","node_modules/webidl-conversions/LICENSE.md",""
"whatwg-url@5.0.0","whatwg-url","5.0.0","An implementation of the WHATWG URL Standard's URL API and parsing machinery","MIT","node_modules/whatwg-url/LICENSE.txt",""
"with@7.0.2","with","7.0.2","Compile time `with` for strict mode JavaScript","MIT","node_modules/with/LICENSE",""
"wrappy@1.0.2","wrappy","1.0.2","Callback wrapping utility","ISC","node_modules/wrappy/LICENSE",""
"xtend@4.0.2","xtend","4.0.2","extend like a boss","MIT","node_modules/xtend/LICENSE",""
"yallist@2.1.2","yallist","2.1.2","Yet Another Linked List","ISC","node_modules/named-placeholders/node_modules/yallist/LICENSE",""
"yallist@4.0.0","yallist","4.0.0","Yet Another Linked List","ISC","node_modules/yallist/LICENSE",""
"yaml@1.10.2","yaml","1.10.2","JavaScript parser and stringifier for YAML","ISC","node_modules/yaml/LICENSE",""
"yamljs@0.3.0","yamljs","0.3.0","Standalone JavaScript YAML 1.2 Parser & Encoder. Works under node.js and all major browsers. Also brings command line YAML/JSON conversion tools.","MIT","node_modules/yamljs/LICENSE",""
"yn@3.1.1","yn","3.1.1","Parse yes/no like values","MIT","node_modules/yn/license",""
"zustand@4.1.5","zustand","4.1.5"," Bear necessities for state management in React","MIT","node_modules/zustand/LICENSE",""